entity,rank,view_share,cum_share,entities_observed
event,1,0.481089,0.481089,61
event,2,0.106636,0.587725,61
event,3,0.076093,0.663818,61
event,4,0.053032,0.71685,61
event,5,0.049515,0.766365,61
event,6,0.032056,0.798422,61
event,7,0.026168,0.82459,61
event,8,0.024492,0.849082,61
event,9,0.021998,0.87108,61
event,10,0.019667,0.890747,61
event,11,0.01934,0.910087,61
event,12,0.017664,0.927751,61
event,13,0.011776,0.939527,61
event,14,0.008382,0.947909,61
event,15,0.007442,0.95535,61
event,16,0.006869,0.962219,61
event,17,0.005683,0.967903,61
event,18,0.005683,0.973586,61
event,19,0.005561,0.979147,61
event,20,0.003639,0.982786,61
event,21,0.003557,0.986343,61
event,22,0.003353,0.989696,61
event,23,0.001758,0.991454,61
event,24,0.001636,0.99309,61
event,25,0.00139,0.99448,61
event,26,4.91E-4,0.994971,61
event,27,4.91E-4,0.995461,61
event,28,4.5E-4,0.995911,61
event,29,4.5E-4,0.996361,61
event,30,4.09E-4,0.99677,61
event,31,3.68E-4,0.997138,61
event,32,2.86E-4,0.997424,61
event,33,2.86E-4,0.99771,61
event,34,2.45E-4,0.997956,61
event,35,2.04E-4,0.99816,61
event,36,1.64E-4,0.998324,61
event,37,1.64E-4,0.998487,61
event,38,1.23E-4,0.99861,61
event,39,1.23E-4,0.998732,61
event,40,1.23E-4,0.998855,61
event,41,8.2E-5,0.998937,61
event,42,8.2E-5,0.999019,61
event,43,8.2E-5,0.9991,61
event,44,8.2E-5,0.999182,61
event,45,8.2E-5,0.999264,61
event,46,8.2E-5,0.999346,61
event,47,8.2E-5,0.999428,61
event,48,4.1E-5,0.999468,61
event,49,4.1E-5,0.999509,61
event,50,4.1E-5,0.99955,61
event,51,4.1E-5,0.999591,61
event,52,4.1E-5,0.999632,61
event,53,4.1E-5,0.999673,61
event,54,4.1E-5,0.999714,61
event,55,4.1E-5,0.999755,61
event,56,4.1E-5,0.999796,61
event,57,4.1E-5,0.999836,61
event,58,4.1E-5,0.999877,61
event,59,4.1E-5,0.999918,61
event,60,4.1E-5,0.999959,61
event,61,4.1E-5,1.0,61
venue,1,0.083909,0.083909,299
venue,2,0.044573,0.128482,299
venue,3,0.033207,0.161689,299
venue,4,0.026855,0.188545,299
venue,5,0.025964,0.214509,299
venue,6,0.024515,0.239024,299
venue,7,0.023624,0.262648,299
venue,8,0.023178,0.285826,299
venue,9,0.022732,0.308558,299
venue,10,0.021172,0.32973,299
venue,11,0.018832,0.348563,299
venue,12,0.015378,0.36394,299
venue,13,0.014375,0.378315,299
venue,14,0.014152,0.392467,299
venue,15,0.013595,0.406062,299
venue,16,0.012146,0.418208,299
venue,17,0.011923,0.430131,299
venue,18,0.011589,0.441721,299
venue,19,0.011255,0.452975,299
venue,20,0.010698,0.463673,299
venue,21,0.010029,0.473702,299
venue,22,0.009806,0.483508,299
venue,23,0.009695,0.493203,299
venue,24,0.009249,0.502452,299
venue,25,0.009138,0.511589,299
venue,26,0.008246,0.519835,299
venue,27,0.008246,0.528081,299
venue,28,0.007912,0.535993,299
venue,29,0.007689,0.543682,299
venue,30,0.007466,0.551148,299
venue,31,0.007466,0.558614,299
venue,32,0.007243,0.565857,299
venue,33,0.00702,0.572877,299
venue,34,0.00702,0.579897,299
venue,35,0.006909,0.586806,299
venue,36,0.006575,0.593381,299
venue,37,0.006575,0.599955,299
venue,38,0.006575,0.60653,299
venue,39,0.006017,0.612547,299
venue,40,0.005906,0.618453,299
venue,41,0.005906,0.624359,299
venue,42,0.005906,0.630265,299
venue,43,0.005795,0.63606,299
venue,44,0.005572,0.641631,299
venue,45,0.005572,0.647203,299
venue,46,0.005349,0.652552,299
venue,47,0.005126,0.657678,299
venue,48,0.005126,0.662804,299
venue,49,0.005014,0.667818,299
venue,50,0.005014,0.672833,299
venue,51,0.004903,0.677736,299
venue,52,0.004792,0.682527,299
venue,53,0.004792,0.687319,299
venue,54,0.004792,0.692111,299
venue,55,0.00468,0.696791,299
venue,56,0.004457,0.701248,299
venue,57,0.004457,0.705705,299
venue,58,0.004457,0.710163,299
venue,59,0.004457,0.71462,299
venue,60,0.004123,0.718743,299
venue,61,0.004123,0.722866,299
venue,62,0.004012,0.726878,299
venue,63,0.004012,0.730889,299
venue,64,0.004012,0.734901,299
venue,65,0.0039,0.738801,299
venue,66,0.0039,0.742701,299
venue,67,0.0039,0.746601,299
venue,68,0.003789,0.75039,299
venue,69,0.003789,0.754179,299
venue,70,0.003789,0.757967,299
venue,71,0.003789,0.761756,299
venue,72,0.003677,0.765433,299
venue,73,0.003566,0.768999,299
venue,74,0.003454,0.772454,299
venue,75,0.00312,0.775574,299
venue,76,0.00312,0.778694,299
venue,77,0.00312,0.781814,299
venue,78,0.003009,0.784823,299
venue,79,0.003009,0.787832,299
venue,80,0.002897,0.790729,299
venue,81,0.002897,0.793626,299
venue,82,0.002897,0.796523,299
venue,83,0.002786,0.799309,299
venue,84,0.002786,0.802095,299
venue,85,0.002786,0.804881,299
venue,86,0.002563,0.807444,299
venue,87,0.002452,0.809895,299
venue,88,0.002452,0.812347,299
venue,89,0.002452,0.814798,299
venue,90,0.00234,0.817138,299
venue,91,0.00234,0.819478,299
venue,92,0.00234,0.821819,299
venue,93,0.00234,0.824159,299
venue,94,0.00234,0.826499,299
venue,95,0.00234,0.828839,299
venue,96,0.002229,0.831068,299
venue,97,0.002229,0.833296,299
venue,98,0.002229,0.835525,299
venue,99,0.002229,0.837754,299
venue,100,0.002229,0.839982,299
venue,101,0.002229,0.842211,299
venue,102,0.002117,0.844328,299
venue,103,0.002117,0.846445,299
venue,104,0.002117,0.848563,299
venue,105,0.002117,0.85068,299
venue,106,0.002117,0.852797,299
venue,107,0.002117,0.854914,299
venue,108,0.002006,0.85692,299
venue,109,0.002006,0.858926,299
venue,110,0.002006,0.860932,299
venue,111,0.002006,0.862937,299
venue,112,0.002006,0.864943,299
venue,113,0.001894,0.866838,299
venue,114,0.001894,0.868732,299
venue,115,0.001894,0.870626,299
venue,116,0.001894,0.872521,299
venue,117,0.001894,0.874415,299
venue,118,0.001894,0.876309,299
venue,119,0.001894,0.878204,299
venue,120,0.001783,0.879987,299
venue,121,0.001783,0.88177,299
venue,122,0.001783,0.883552,299
venue,123,0.001783,0.885335,299
venue,124,0.001783,0.887118,299
venue,125,0.001783,0.888901,299
venue,126,0.001671,0.890573,299
venue,127,0.001671,0.892244,299
venue,128,0.001671,0.893916,299
venue,129,0.00156,0.895476,299
venue,130,0.00156,0.897036,299
venue,131,0.00156,0.898596,299
venue,132,0.00156,0.900156,299
venue,133,0.00156,0.901716,299
venue,134,0.001449,0.903165,299
venue,135,0.001449,0.904613,299
venue,136,0.001449,0.906062,299
venue,137,0.001449,0.907511,299
venue,138,0.001449,0.908959,299
venue,139,0.001449,0.910408,299
venue,140,0.001449,0.911856,299
venue,141,0.001337,0.913194,299
venue,142,0.001337,0.914531,299
venue,143,0.001337,0.915868,299
venue,144,0.001337,0.917205,299
venue,145,0.001226,0.918431,299
venue,146,0.001226,0.919657,299
venue,147,0.001226,0.920883,299
venue,148,0.001226,0.922108,299
venue,149,0.001226,0.923334,299
venue,150,0.001226,0.92456,299
venue,151,0.001226,0.925786,299
venue,152,0.001226,0.927011,299
venue,153,0.001226,0.928237,299
venue,154,0.001226,0.929463,299
venue,155,0.001114,0.930577,299
venue,156,0.001114,0.931692,299
venue,157,0.001114,0.932806,299
venue,158,0.001114,0.93392,299
venue,159,0.001114,0.935035,299
venue,160,0.001114,0.936149,299
venue,161,0.001114,0.937263,299
venue,162,0.001114,0.938378,299
venue,163,0.001114,0.939492,299
venue,164,0.001114,0.940606,299
venue,165,0.001114,0.941721,299
venue,166,0.001114,0.942835,299
venue,167,0.001003,0.943838,299
venue,168,0.001003,0.944841,299
venue,169,0.001003,0.945844,299
venue,170,0.001003,0.946846,299
venue,171,8.91E-4,0.947738,299
venue,172,8.91E-4,0.948629,299
venue,173,8.91E-4,0.949521,299
venue,174,8.91E-4,0.950412,299
venue,175,8.91E-4,0.951304,299
venue,176,8.91E-4,0.952195,299
venue,177,8.91E-4,0.953087,299
venue,178,8.91E-4,0.953978,299
venue,179,7.8E-4,0.954758,299
venue,180,7.8E-4,0.955538,299
venue,181,7.8E-4,0.956318,299
venue,182,7.8E-4,0.957098,299
venue,183,7.8E-4,0.957878,299
venue,184,7.8E-4,0.958658,299
venue,185,7.8E-4,0.959438,299
venue,186,6.69E-4,0.960107,299
venue,187,6.69E-4,0.960776,299
venue,188,6.69E-4,0.961444,299
venue,189,6.69E-4,0.962113,299
venue,190,6.69E-4,0.962781,299
venue,191,6.69E-4,0.96345,299
venue,192,6.69E-4,0.964119,299
venue,193,6.69E-4,0.964787,299
venue,194,6.69E-4,0.965456,299
venue,195,6.69E-4,0.966124,299
venue,196,6.69E-4,0.966793,299
venue,197,6.69E-4,0.967462,299
venue,198,5.57E-4,0.968019,299
venue,199,5.57E-4,0.968576,299
venue,200,5.57E-4,0.969133,299
venue,201,5.57E-4,0.96969,299
venue,202,5.57E-4,0.970247,299
venue,203,5.57E-4,0.970805,299
venue,204,5.57E-4,0.971362,299
venue,205,5.57E-4,0.971919,299
venue,206,5.57E-4,0.972476,299
venue,207,5.57E-4,0.973033,299
venue,208,5.57E-4,0.97359,299
venue,209,5.57E-4,0.974148,299
venue,210,5.57E-4,0.974705,299
venue,211,5.57E-4,0.975262,299
venue,212,5.57E-4,0.975819,299
venue,213,5.57E-4,0.976376,299
venue,214,5.57E-4,0.976933,299
venue,215,4.46E-4,0.977379,299
venue,216,4.46E-4,0.977825,299
venue,217,4.46E-4,0.978271,299
venue,218,4.46E-4,0.978716,299
venue,219,4.46E-4,0.979162,299
venue,220,4.46E-4,0.979608,299
venue,221,4.46E-4,0.980053,299
venue,222,4.46E-4,0.980499,299
venue,223,4.46E-4,0.980945,299
venue,224,4.46E-4,0.981391,299
venue,225,4.46E-4,0.981836,299
venue,226,4.46E-4,0.982282,299
venue,227,4.46E-4,0.982728,299
venue,228,4.46E-4,0.983174,299
venue,229,4.46E-4,0.983619,299
venue,230,4.46E-4,0.984065,299
venue,231,3.34E-4,0.984399,299
venue,232,3.34E-4,0.984734,299
venue,233,3.34E-4,0.985068,299
venue,234,3.34E-4,0.985402,299
venue,235,3.34E-4,0.985737,299
venue,236,3.34E-4,0.986071,299
venue,237,3.34E-4,0.986405,299
venue,238,3.34E-4,0.986739,299
venue,239,3.34E-4,0.987074,299
venue,240,3.34E-4,0.987408,299
venue,241,3.34E-4,0.987742,299
venue,242,3.34E-4,0.988077,299
venue,243,3.34E-4,0.988411,299
venue,244,3.34E-4,0.988745,299
venue,245,3.34E-4,0.98908,299
venue,246,3.34E-4,0.989414,299
venue,247,3.34E-4,0.989748,299
venue,248,3.34E-4,0.990082,299
venue,249,3.34E-4,0.990417,299
venue,250,3.34E-4,0.990751,299
venue,251,3.34E-4,0.991085,299
venue,252,3.34E-4,0.99142,299
venue,253,3.34E-4,0.991754,299
venue,254,3.34E-4,0.992088,299
venue,255,2.23E-4,0.992311,299
venue,256,2.23E-4,0.992534,299
venue,257,2.23E-4,0.992757,299
venue,258,2.23E-4,0.99298,299
venue,259,2.23E-4,0.993203,299
venue,260,2.23E-4,0.993425,299
venue,261,2.23E-4,0.993648,299
venue,262,2.23E-4,0.993871,299
venue,263,2.23E-4,0.994094,299
venue,264,2.23E-4,0.994317,299
venue,265,2.23E-4,0.99454,299
venue,266,2.23E-4,0.994763,299
venue,267,2.23E-4,0.994986,299
venue,268,2.23E-4,0.995208,299
venue,269,2.23E-4,0.995431,299
venue,270,2.23E-4,0.995654,299
venue,271,2.23E-4,0.995877,299
venue,272,2.23E-4,0.9961,299
venue,273,2.23E-4,0.996323,299
venue,274,2.23E-4,0.996546,299
venue,275,2.23E-4,0.996768,299
venue,276,2.23E-4,0.996991,299
venue,277,2.23E-4,0.997214,299
venue,278,2.23E-4,0.997437,299
venue,279,2.23E-4,0.99766,299
venue,280,2.23E-4,0.997883,299
venue,281,1.11E-4,0.997994,299
venue,282,1.11E-4,0.998106,299
venue,283,1.11E-4,0.998217,299
venue,284,1.11E-4,0.998329,299
venue,285,1.11E-4,0.99844,299
venue,286,1.11E-4,0.998551,299
venue,287,1.11E-4,0.998663,299
venue,288,1.11E-4,0.998774,299
venue,289,1.11E-4,0.998886,299
venue,290,1.11E-4,0.998997,299
venue,291,1.11E-4,0.999109,299
venue,292,1.11E-4,0.99922,299
venue,293,1.11E-4,0.999331,299
venue,294,1.11E-4,0.999443,299
venue,295,1.11E-4,0.999554,299
venue,296,1.11E-4,0.999666,299
venue,297,1.11E-4,0.999777,299
venue,298,1.11E-4,0.999889,299
venue,299,1.11E-4,1.0,299
